IT1533A;piemonte
IT1524A;piemonte
IT1130A;piemonte
IT1120A;piemonte
IT0643A;piemonte
IT1532A;piemonte
IT1114A;piemonte
IT0469A;piemonte
IT1877A;piemonte
IT1788A;piemonte
IT1904A;piemonte
IT0732A;lombardia
IT1459A;lombardia
IT0837A;lombardia
IT0776A;lombardia
IT1203A;lombardia
IT0778A;lombardia
IT0906A;lombardia
IT1385A;lombardia
IT0997A;lombardia
IT0742A;lombardia
IT0908A;lombardia
IT0775A;lombardia
IT2230A;lombardia
IT2062A;lombardia
IT1736A;lombardia
IT1873A;lombardia
IT1734A;lombardia
IT1868A;lombardia
IT1876A;lombardia
